{
  "permutation": [
    18,
    195,
    52,
    5,
    189,
    79,
    82,
    11,
    180,
    121,
    170,
    196,
    36,
    47,
    95,
    235,
    100,
    45,
    110,
    74,
    75,
    173,
    135,
    20,
    205,
    244,
    201,
    147,
    148,
    149,
    63,
    103,
    59,
    211,
    132,
    217,
    186,
    143,
    55,
    41,
    167,
    176,
    102,
    133,
    71,
    134,
    87,
    168,
    32,
    247,
    251,
    160,
    76,
    23,
    219,
    0,
    77,
    250,
    114,
    65,
    203,
    144,
    174,
    89,
    91,
    90,
    111,
    108,
    31,
    107,
    136,
    177,
    85,
    98,
    67,
    241,
    35,
    50,
    145,
    66,
    6,
    199,
    190,
    236,
    106,
    29,
    54,
    218,
    60,
    240,
    181,
    171,
    245,
    142,
    154,
    124,
    146,
    43,
    230,
    69,
    220,
    22,
    99,
    223,
    237,
    157,
    246,
    17,
    249,
    131,
    233,
    253,
    37,
    1,
    182,
    194,
    227,
    184,
    248,
    13,
    188,
    234,
    19,
    129,
    153,
    118,
    185,
    198,
    193,
    165,
    73,
    16,
    208,
    252,
    255,
    117,
    15,
    161,
    138,
    120,
    10,
    33,
    2,
    115,
    83,
    70,
    105,
    197,
    127,
    164,
    3,
    243,
    7,
    80,
    126,
    34,
    68,
    4,
    140,
    86,
    40,
    81,
    128,
    206,
    21,
    228,
    62,
    84,
    229,
    38,
    207,
    123,
    72,
    158,
    8,
    152,
    25,
    12,
    159,
    125,
    166,
    61,
    239,
    26,
    139,
    56,
    191,
    187,
    212,
    130,
    163,
    175,
    28,
    97,
    209,
    242,
    46,
    93,
    232,
    48,
    27,
    58,
    119,
    14,
    57,
    49,
    151,
    204,
    92,
    221,
    39,
    53,
    226,
    64,
    101,
    141,
    155,
    172,
    238,
    225,
    215,
    178,
    112,
    51,
    44,
    192,
    213,
    222,
    231,
    96,
    78,
    94,
    122,
    210,
    150,
    109,
    162,
    24,
    156,
    179,
    254,
    214,
    42,
    104,
    116,
    183,
    113,
    216,
    9,
    88,
    169,
    137,
    200,
    202,
    30,
    224
  ],
  "sites": [
    {
      "x": 153.81251658187824,
      "y": 161.558676805199,
      "strength": 0.9519196506264076,
      "name": "blessed"
    },
    {
      "x": 190.97771987523828,
      "y": 236.67058204150726,
      "strength": 0.8747214738913738,
      "name": "cursed"
    },
    {
      "x": 38.99890395706075,
      "y": 8.2017194190272,
      "strength": 0.2335127690083887,
      "name": "spicy"
    },
    {
      "x": 61.090059148049704,
      "y": 9.934541612538453,
      "strength": 0.901894905653079,
      "name": "cowboy"
    },
    {
      "x": 95.94136631355173,
      "y": 121.24272920754419,
      "strength": 0.609876242899339,
      "name": "ancient"
    },
    {
      "x": 126.71690698389904,
      "y": 15.832059533420363,
      "strength": 0.4986023971702469,
      "name": "gothic"
    },
    {
      "x": 79.93012233046028,
      "y": 188.5864425731366,
      "strength": 0.25496276572353027,
      "name": "rainbow"
    },
    {
      "x": 131.84303260068276,
      "y": 121.34865519954019,
      "strength": 0.17306993471109045,
      "name": "poisoned"
    },
    {
      "x": 172.86263964136316,
      "y": 35.014118619858834,
      "strength": 0.8951281807241109,
      "name": "burning"
    },
    {
      "x": 52.37005454039053,
      "y": 220.49194491107045,
      "strength": 0.4131937631831224,
      "name": "upside-down"
    },
    {
      "x": 55.83393888910149,
      "y": 119.1094409293861,
      "strength": 0.6361133912888228,
      "name": "candy"
    },
    {
      "x": 8.139369714803024,
      "y": 241.23932978833852,
      "strength": 0.17714963307520337,
      "name": "squishy"
    },
    {
      "x": 135.0934557260108,
      "y": 186.02044871969014,
      "strength": 0.005525974776732889,
      "name": "thalassan"
    }
  ]
}