{
  "permutation": [
    238,
    48,
    185,
    207,
    152,
    171,
    200,
    56,
    214,
    221,
    120,
    75,
    180,
    101,
    136,
    45,
    102,
    76,
    245,
    151,
    62,
    239,
    250,
    99,
    50,
    17,
    223,
    58,
    140,
    177,
    143,
    123,
    80,
    160,
    168,
    194,
    220,
    182,
    89,
    77,
    117,
    198,
    134,
    95,
    227,
    131,
    26,
    87,
    98,
    243,
    251,
    31,
    69,
    39,
    128,
    233,
    166,
    153,
    90,
    170,
    35,
    28,
    164,
    181,
    188,
    222,
    42,
    229,
    4,
    174,
    73,
    121,
    144,
    203,
    253,
    202,
    32,
    183,
    205,
    44,
    9,
    216,
    15,
    55,
    161,
    79,
    246,
    162,
    96,
    240,
    142,
    189,
    119,
    19,
    23,
    232,
    133,
    81,
    155,
    219,
    201,
    113,
    122,
    190,
    138,
    106,
    53,
    126,
    249,
    213,
    22,
    57,
    88,
    16,
    156,
    230,
    193,
    111,
    91,
    235,
    252,
    34,
    66,
    12,
    145,
    11,
    20,
    71,
    36,
    51,
    18,
    247,
    59,
    72,
    199,
    8,
    148,
    1,
    37,
    49,
    110,
    129,
    63,
    40,
    125,
    241,
    21,
    217,
    54,
    47,
    196,
    24,
    112,
    105,
    169,
    61,
    215,
    165,
    83,
    208,
    236,
    244,
    100,
    46,
    97,
    94,
    70,
    6,
    33,
    234,
    13,
    43,
    124,
    85,
    130,
    141,
    158,
    184,
    30,
    175,
    65,
    52,
    116,
    115,
    74,
    154,
    254,
    132,
    157,
    10,
    114,
    211,
    167,
    38,
    197,
    228,
    237,
    212,
    25,
    218,
    231,
    68,
    107,
    127,
    186,
    146,
    93,
    163,
    149,
    248,
    209,
    64,
    176,
    173,
    210,
    242,
    226,
    255,
    2,
    108,
    225,
    159,
    3,
    84,
    172,
    5,
    27,
    195,
    29,
    224,
    187,
    86,
    41,
    192,
    147,
    118,
    78,
    179,
    206,
    135,
    139,
    103,
    82,
    0,
    7,
    109,
    92,
    104,
    137,
    14,
    204,
    191,
    67,
    178,
    60,
    150
  ],
  "threshhold": 0.17984733673428366,
  "circles": [
    {
      "x": 56.62417966359196,
      "y": 0.34116668169662034,
      "radius": 9.341146662754056
    }
  ]
}