{
  "permutation": [
    217,
    128,
    169,
    2,
    64,
    165,
    108,
    29,
    7,
    112,
    11,
    3,
    234,
    18,
    92,
    77,
    253,
    87,
    181,
    90,
    227,
    215,
    158,
    172,
    125,
    39,
    79,
    43,
    47,
    20,
    173,
    205,
    24,
    131,
    99,
    46,
    159,
    57,
    179,
    58,
    63,
    213,
    191,
    5,
    200,
    220,
    178,
    149,
    23,
    198,
    126,
    136,
    38,
    242,
    219,
    9,
    248,
    187,
    162,
    236,
    107,
    105,
    190,
    95,
    12,
    251,
    28,
    54,
    189,
    238,
    142,
    75,
    4,
    25,
    110,
    168,
    164,
    33,
    48,
    214,
    244,
    176,
    26,
    226,
    74,
    254,
    6,
    124,
    103,
    246,
    96,
    195,
    111,
    133,
    70,
    225,
    138,
    167,
    232,
    13,
    0,
    68,
    81,
    30,
    141,
    59,
    121,
    247,
    199,
    152,
    51,
    252,
    222,
    166,
    104,
    240,
    89,
    76,
    185,
    212,
    123,
    193,
    85,
    82,
    144,
    37,
    32,
    184,
    83,
    67,
    8,
    31,
    249,
    183,
    228,
    53,
    210,
    243,
    49,
    56,
    109,
    34,
    218,
    156,
    19,
    78,
    44,
    93,
    250,
    209,
    94,
    229,
    233,
    62,
    17,
    157,
    237,
    118,
    130,
    204,
    113,
    224,
    1,
    122,
    16,
    241,
    245,
    203,
    84,
    211,
    101,
    143,
    35,
    50,
    119,
    91,
    134,
    202,
    208,
    27,
    161,
    40,
    114,
    230,
    36,
    186,
    145,
    201,
    207,
    14,
    132,
    116,
    88,
    197,
    97,
    154,
    188,
    60,
    73,
    115,
    55,
    135,
    22,
    177,
    153,
    151,
    182,
    66,
    155,
    139,
    171,
    206,
    61,
    180,
    120,
    223,
    150,
    140,
    163,
    194,
    10,
    100,
    106,
    72,
    129,
    137,
    69,
    147,
    235,
    196,
    117,
    221,
    160,
    86,
    148,
    146,
    239,
    102,
    216,
    65,
    71,
    174,
    41,
    98,
    21,
    231,
    127,
    42,
    192,
    80,
    52,
    15,
    255,
    175,
    45,
    170
  ],
  "threshhold": 0.21713082965074482,
  "circles": [
    {
      "x": 63.465696408801946,
      "y": 46.534256427740615,
      "radius": 34.475508156350685
    },
    {
      "x": 62.76263408665929,
      "y": 12.986101256347865,
      "radius": 61.02453794754523
    },
    {
      "x": 55.595552386057335,
      "y": 7.810484563763239,
      "radius": 7.799742651954489
    }
  ]
}