{
  "permutation": [
    104,
    112,
    68,
    242,
    24,
    253,
    245,
    252,
    182,
    171,
    217,
    254,
    45,
    10,
    183,
    88,
    58,
    250,
    123,
    42,
    113,
    100,
    150,
    99,
    4,
    186,
    62,
    109,
    114,
    172,
    212,
    18,
    53,
    226,
    168,
    6,
    79,
    216,
    39,
    126,
    116,
    83,
    50,
    136,
    227,
    27,
    36,
    60,
    145,
    232,
    175,
    63,
    31,
    209,
    132,
    138,
    159,
    147,
    164,
    222,
    80,
    229,
    105,
    234,
    91,
    124,
    202,
    181,
    101,
    56,
    165,
    196,
    76,
    173,
    108,
    199,
    16,
    54,
    115,
    82,
    178,
    102,
    67,
    206,
    179,
    57,
    211,
    128,
    87,
    158,
    251,
    228,
    155,
    225,
    25,
    255,
    3,
    48,
    19,
    49,
    55,
    197,
    69,
    1,
    0,
    221,
    119,
    15,
    247,
    118,
    129,
    13,
    89,
    235,
    185,
    220,
    44,
    142,
    237,
    161,
    95,
    94,
    97,
    103,
    26,
    208,
    248,
    218,
    29,
    233,
    5,
    71,
    74,
    162,
    86,
    111,
    149,
    187,
    127,
    151,
    191,
    160,
    204,
    22,
    198,
    34,
    40,
    70,
    152,
    52,
    246,
    85,
    167,
    8,
    207,
    120,
    154,
    148,
    47,
    137,
    84,
    238,
    201,
    121,
    92,
    146,
    214,
    236,
    241,
    205,
    43,
    78,
    130,
    9,
    107,
    135,
    96,
    21,
    240,
    223,
    174,
    7,
    195,
    157,
    194,
    65,
    215,
    32,
    230,
    117,
    46,
    184,
    98,
    28,
    224,
    30,
    244,
    193,
    23,
    33,
    35,
    213,
    2,
    141,
    77,
    72,
    144,
    133,
    177,
    203,
    66,
    14,
    180,
    90,
    170,
    143,
    192,
    122,
    189,
    11,
    61,
    153,
    139,
    81,
    41,
    75,
    249,
    51,
    125,
    17,
    73,
    134,
    93,
    20,
    219,
    64,
    190,
    140,
    12,
    110,
    59,
    166,
    239,
    169,
    231,
    156,
    188,
    200,
    37,
    243,
    38,
    163,
    210,
    131,
    176,
    106
  ],
  "threshhold": 0.3228784762508643,
  "circles": [
    {
      "x": 6.224351038234516,
      "y": 16.700601450661978,
      "radius": 5.350527265812914
    },
    {
      "x": 16.331748786592044,
      "y": 37.68616848458866,
      "radius": 8.148582203936357
    },
    {
      "x": 28.450785104428093,
      "y": 12.440630897084787,
      "radius": 55.91685198670396
    }
  ]
}