{
  "permutation": [
    133,
    3,
    208,
    139,
    50,
    137,
    49,
    178,
    91,
    61,
    44,
    75,
    135,
    0,
    196,
    117,
    239,
    83,
    227,
    201,
    11,
    118,
    159,
    245,
    176,
    90,
    167,
    185,
    60,
    51,
    72,
    67,
    71,
    24,
    43,
    25,
    9,
    45,
    98,
    203,
    26,
    194,
    119,
    150,
    109,
    69,
    52,
    164,
    151,
    40,
    48,
    107,
    23,
    202,
    6,
    112,
    162,
    87,
    168,
    207,
    108,
    53,
    218,
    249,
    153,
    19,
    192,
    199,
    79,
    4,
    116,
    85,
    177,
    243,
    181,
    145,
    89,
    21,
    18,
    110,
    244,
    27,
    158,
    217,
    173,
    16,
    77,
    15,
    97,
    233,
    147,
    132,
    105,
    32,
    214,
    31,
    170,
    209,
    144,
    42,
    160,
    212,
    222,
    62,
    5,
    113,
    186,
    63,
    41,
    200,
    10,
    157,
    142,
    225,
    70,
    236,
    59,
    180,
    251,
    254,
    149,
    152,
    121,
    174,
    92,
    210,
    250,
    169,
    211,
    161,
    34,
    33,
    224,
    95,
    171,
    127,
    58,
    205,
    46,
    252,
    226,
    80,
    237,
    198,
    138,
    1,
    215,
    14,
    37,
    94,
    64,
    13,
    229,
    131,
    140,
    30,
    88,
    20,
    96,
    76,
    38,
    28,
    106,
    22,
    155,
    125,
    93,
    29,
    141,
    86,
    74,
    84,
    115,
    184,
    78,
    68,
    182,
    165,
    187,
    221,
    191,
    154,
    197,
    2,
    81,
    238,
    216,
    54,
    223,
    101,
    57,
    246,
    56,
    130,
    204,
    104,
    232,
    66,
    248,
    219,
    183,
    156,
    39,
    134,
    99,
    126,
    172,
    193,
    230,
    122,
    146,
    206,
    102,
    241,
    234,
    8,
    124,
    189,
    247,
    123,
    175,
    129,
    120,
    143,
    220,
    111,
    73,
    163,
    240,
    65,
    128,
    235,
    136,
    35,
    7,
    188,
    166,
    36,
    213,
    195,
    148,
    82,
    100,
    231,
    103,
    12,
    253,
    47,
    179,
    190,
    17,
    242,
    55,
    255,
    228,
    114
  ],
  "threshhold": 0.41323702445717747,
  "circles": [
    {
      "x": 12.981709300863429,
      "y": 37.40078142179949,
      "radius": 24.361204356733566
    },
    {
      "x": 43.01804013351958,
      "y": 29.12134252151685,
      "radius": 53.936661238018175
    },
    {
      "x": 43.805482667368125,
      "y": 9.293806431864766,
      "radius": 28.311950539603032
    },
    {
      "x": 0.5104245813053012,
      "y": 48.03500318469672,
      "radius": 37.81952158899135
    },
    {
      "x": 13.75334620190334,
      "y": 61.55943270362347,
      "radius": 59.79534286466888
    },
    {
      "x": 15.643439653028736,
      "y": 36.82415439008179,
      "radius": 32.01977675560575
    },
    {
      "x": 33.05070762298908,
      "y": 27.519040807612242,
      "radius": 0.11988003111355283
    },
    {
      "x": 3.991287346020272,
      "y": 49.5435010658678,
      "radius": 3.6422865179232957
    }
  ]
}