{
  "permutation": [
    121,
    127,
    218,
    83,
    217,
    140,
    36,
    20,
    143,
    50,
    192,
    31,
    223,
    117,
    79,
    246,
    42,
    224,
    84,
    191,
    171,
    234,
    81,
    241,
    73,
    9,
    204,
    199,
    150,
    252,
    183,
    119,
    49,
    161,
    231,
    221,
    87,
    13,
    8,
    147,
    172,
    212,
    86,
    194,
    70,
    96,
    64,
    167,
    55,
    28,
    88,
    44,
    97,
    69,
    236,
    219,
    245,
    108,
    14,
    39,
    109,
    52,
    129,
    168,
    103,
    112,
    144,
    120,
    131,
    135,
    35,
    158,
    111,
    139,
    126,
    179,
    160,
    156,
    145,
    203,
    3,
    75,
    178,
    54,
    51,
    137,
    255,
    133,
    182,
    10,
    18,
    118,
    176,
    214,
    12,
    197,
    240,
    59,
    33,
    21,
    106,
    201,
    57,
    188,
    220,
    253,
    90,
    198,
    151,
    74,
    230,
    99,
    91,
    89,
    77,
    170,
    243,
    187,
    165,
    130,
    65,
    249,
    222,
    114,
    232,
    247,
    78,
    193,
    11,
    244,
    30,
    210,
    6,
    71,
    216,
    148,
    208,
    205,
    41,
    15,
    45,
    110,
    186,
    163,
    228,
    242,
    67,
    98,
    72,
    94,
    189,
    166,
    174,
    209,
    138,
    239,
    190,
    169,
    62,
    123,
    141,
    60,
    22,
    66,
    229,
    113,
    0,
    164,
    48,
    115,
    2,
    250,
    37,
    237,
    107,
    102,
    95,
    16,
    19,
    17,
    24,
    56,
    82,
    196,
    227,
    47,
    154,
    195,
    76,
    23,
    149,
    40,
    225,
    1,
    101,
    206,
    173,
    7,
    152,
    211,
    213,
    200,
    248,
    38,
    142,
    27,
    184,
    233,
    122,
    43,
    125,
    124,
    157,
    5,
    104,
    132,
    32,
    63,
    177,
    146,
    25,
    34,
    29,
    105,
    53,
    61,
    185,
    226,
    4,
    254,
    58,
    202,
    136,
    155,
    162,
    215,
    46,
    153,
    180,
    134,
    159,
    80,
    175,
    128,
    68,
    26,
    116,
    238,
    251,
    181,
    207,
    235,
    93,
    92,
    85,
    100
  ],
  "threshhold": 0.8544889210145241,
  "circles": [
    {
      "x": 60.183125935625355,
      "y": 29.16554169533258,
      "radius": 12.089780458443727
    },
    {
      "x": 51.14891746329164,
      "y": 8.168334724675745,
      "radius": 4.161003010410141
    },
    {
      "x": 36.457159675433545,
      "y": 31.890065970584587,
      "radius": 18.044789506925838
    },
    {
      "x": 31.84050337503065,
      "y": 26.378153472339378,
      "radius": 27.010136013892094
    },
    {
      "x": 1.3588725032727638,
      "y": 11.233134385790208,
      "radius": 23.222873371783237
    },
    {
      "x": 57.7372066573823,
      "y": 39.982352426069724,
      "radius": 57.702916139852306
    }
  ]
}