{
  "permutation": [
    162,
    48,
    144,
    185,
    88,
    191,
    175,
    246,
    106,
    104,
    105,
    61,
    248,
    166,
    32,
    6,
    93,
    84,
    115,
    78,
    180,
    43,
    148,
    134,
    108,
    189,
    208,
    158,
    254,
    71,
    171,
    34,
    100,
    145,
    205,
    153,
    9,
    11,
    233,
    159,
    46,
    90,
    228,
    12,
    121,
    255,
    130,
    149,
    234,
    69,
    23,
    114,
    16,
    28,
    66,
    211,
    184,
    167,
    143,
    5,
    160,
    186,
    7,
    25,
    113,
    58,
    243,
    0,
    229,
    117,
    122,
    86,
    239,
    172,
    249,
    188,
    244,
    135,
    101,
    222,
    111,
    79,
    125,
    17,
    15,
    177,
    119,
    238,
    51,
    72,
    116,
    75,
    85,
    183,
    210,
    223,
    107,
    202,
    91,
    195,
    170,
    198,
    156,
    31,
    230,
    21,
    164,
    40,
    193,
    169,
    94,
    242,
    2,
    231,
    102,
    45,
    65,
    64,
    76,
    224,
    24,
    236,
    8,
    241,
    27,
    42,
    56,
    124,
    168,
    57,
    50,
    237,
    14,
    252,
    41,
    36,
    217,
    209,
    182,
    35,
    19,
    250,
    99,
    92,
    213,
    146,
    139,
    137,
    225,
    59,
    176,
    127,
    219,
    220,
    80,
    63,
    112,
    1,
    140,
    96,
    67,
    138,
    136,
    37,
    226,
    179,
    203,
    62,
    235,
    120,
    178,
    132,
    227,
    49,
    89,
    22,
    98,
    150,
    129,
    44,
    192,
    26,
    70,
    165,
    199,
    81,
    126,
    190,
    157,
    131,
    3,
    218,
    200,
    133,
    141,
    221,
    103,
    39,
    216,
    87,
    174,
    194,
    197,
    52,
    212,
    196,
    10,
    20,
    60,
    206,
    245,
    68,
    74,
    187,
    161,
    251,
    83,
    173,
    214,
    118,
    181,
    247,
    154,
    201,
    207,
    163,
    109,
    123,
    204,
    232,
    77,
    215,
    73,
    151,
    47,
    18,
    29,
    155,
    128,
    54,
    13,
    30,
    82,
    97,
    33,
    95,
    53,
    142,
    38,
    152,
    4,
    253,
    240,
    55,
    147,
    110
  ],
  "threshhold": 0.08873666339686404,
  "circles": [
    {
      "x": 11.964582052731615,
      "y": 11.099491288156159,
      "radius": 60.1532054881947
    },
    {
      "x": 63.47013167861134,
      "y": 10.922979425304632,
      "radius": 24.899320297965446
    },
    {
      "x": 59.54264968116112,
      "y": 25.908883390202732,
      "radius": 38.308510324299704
    }
  ]
}